Filename,Width,Height,Duration,Audio,Codec,Format,Size (MB)
fi101_xvid.avi,360,288,1.640000,Yes,mpeg4,avi,0.24
fi102_xvid.avi,360,288,1.640000,Yes,mpeg4,avi,0.23
fi103_xvid.avi,360,288,1.640000,Yes,mpeg4,avi,0.23
fi104_xvid.avi,360,288,1.640000,Yes,mpeg4,avi,0.22
fi105_xvid.avi,360,288,1.640000,Yes,mpeg4,avi,0.24
fi106_xvid.avi,360,288,1.640000,Yes,mpeg4,avi,0.25
fi107_xvid.avi,360,288,1.640000,Yes,mpeg4,avi,0.24
fi108_xvid.avi,360,288,1.640000,Yes,mpeg4,avi,0.22
fi109_xvid.avi,360,288,1.640000,Yes,mpeg4,avi,0.22
fi110_xvid.avi,360,288,1.640000,Yes,mpeg4,avi,0.23
fi111_xvid.avi,360,288,1.640000,Yes,mpeg4,avi,0.23
fi112_xvid.avi,360,288,1.640000,Yes,mpeg4,avi,0.22
fi113_xvid.avi,360,288,1.640000,Yes,mpeg4,avi,0.23
fi114_xvid.avi,360,288,1.640000,Yes,mpeg4,avi,0.23
fi115_xvid.avi,360,288,1.640000,Yes,mpeg4,avi,0.23
fi116_xvid.avi,360,288,1.640000,Yes,mpeg4,avi,0.24
fi117_xvid.avi,360,288,1.640000,Yes,mpeg4,avi,0.23
fi118_xvid.avi,360,288,1.640000,Yes,mpeg4,avi,0.23
fi119_xvid.avi,360,288,1.640000,Yes,mpeg4,avi,0.23
fi120_xvid.avi,360,288,1.640000,Yes,mpeg4,avi,0.23
fi121_xvid.avi,360,288,1.640000,Yes,mpeg4,avi,0.23
fi122_xvid.avi,360,288,1.640000,Yes,mpeg4,avi,0.24
fi123_xvid.avi,360,288,1.640000,Yes,mpeg4,avi,0.2
fi124_xvid.avi,360,288,1.640000,Yes,mpeg4,avi,0.24
fi125_xvid.avi,360,288,1.640000,Yes,mpeg4,avi,0.23
fi126_xvid.avi,360,288,1.640000,Yes,mpeg4,avi,0.21
fi127_xvid.avi,360,288,1.640000,Yes,mpeg4,avi,0.21
fi128_xvid.avi,360,288,1.640000,Yes,mpeg4,avi,0.2
fi129_xvid.avi,360,288,1.640000,Yes,mpeg4,avi,0.2
fi130_xvid.avi,360,288,1.640000,Yes,mpeg4,avi,0.21
fi131_xvid.avi,360,288,1.640000,Yes,mpeg4,avi,0.2
fi132_xvid.avi,360,288,1.640000,Yes,mpeg4,avi,0.19
fi133_xvid.avi,360,288,1.640000,Yes,mpeg4,avi,0.2
fi134_xvid.avi,360,288,1.640000,Yes,mpeg4,avi,0.19
fi135_xvid.avi,360,288,1.640000,Yes,mpeg4,avi,0.2
fi136_xvid.avi,360,288,1.640000,Yes,mpeg4,avi,0.2
fi137_xvid.avi,360,288,1.640000,Yes,mpeg4,avi,0.22
fi138_xvid.avi,360,288,1.640000,Yes,mpeg4,avi,0.22
fi139_xvid.avi,360,288,1.640000,Yes,mpeg4,avi,0.22
fi140_xvid.avi,360,288,1.640000,Yes,mpeg4,avi,0.21
fi141_xvid.avi,360,288,1.640000,Yes,mpeg4,avi,0.21
fi142_xvid.avi,360,288,1.640000,Yes,mpeg4,avi,0.22
fi143_xvid.avi,360,288,1.640000,Yes,mpeg4,avi,0.22
fi144_xvid.avi,360,288,1.640000,Yes,mpeg4,avi,0.21
fi145_xvid.avi,360,288,1.640000,Yes,mpeg4,avi,0.21
fi146_xvid.avi,360,288,1.640000,Yes,mpeg4,avi,0.23
fi147_xvid.avi,360,288,1.640000,Yes,mpeg4,avi,0.24
fi148_xvid.avi,360,288,1.640000,Yes,mpeg4,avi,0.25
fi149_xvid.avi,360,288,1.640000,Yes,mpeg4,avi,0.25
fi150_xvid.avi,360,288,1.640000,Yes,mpeg4,avi,0.23
fi151_xvid.avi,360,288,1.640000,Yes,mpeg4,avi,0.24
fi152_xvid.avi,360,288,1.640000,Yes,mpeg4,avi,0.24
fi153_xvid.avi,360,288,1.640000,Yes,mpeg4,avi,0.24
fi154_xvid.avi,360,288,1.640000,Yes,mpeg4,avi,0.24
fi155_xvid.avi,360,288,1.640000,Yes,mpeg4,avi,0.23
fi156_xvid.avi,360,288,1.640000,Yes,mpeg4,avi,0.24
fi157_xvid.avi,360,288,1.600000,Yes,mpeg4,avi,0.23
fi158_xvid.avi,360,288,1.640000,Yes,mpeg4,avi,0.23
fi159_xvid.avi,360,288,1.640000,Yes,mpeg4,avi,0.24
fi160_xvid.avi,360,288,1.640000,Yes,mpeg4,avi,0.2
fi161_xvid.avi,360,288,1.640000,Yes,mpeg4,avi,0.2
fi162_xvid.avi,360,288,1.640000,Yes,mpeg4,avi,0.18
fi163_xvid.avi,360,288,1.640000,Yes,mpeg4,avi,0.19
fi164_xvid.avi,360,288,1.640000,Yes,mpeg4,avi,0.19
fi165_xvid.avi,360,288,1.640000,Yes,mpeg4,avi,0.22
fi166_xvid.avi,360,288,1.640000,Yes,mpeg4,avi,0.23
fi167_xvid.avi,360,288,1.640000,Yes,mpeg4,avi,0.21
fi168_xvid.avi,360,288,1.640000,Yes,mpeg4,avi,0.19
fi169_xvid.avi,360,288,1.640000,Yes,mpeg4,avi,0.2
fi170_xvid.avi,360,288,1.640000,Yes,mpeg4,avi,0.19
fi171_xvid.avi,360,288,1.640000,Yes,mpeg4,avi,0.21
fi172_xvid.avi,360,288,1.640000,Yes,mpeg4,avi,0.19
fi173_xvid.avi,360,288,1.640000,Yes,mpeg4,avi,0.2
fi174_xvid.avi,360,288,1.640000,Yes,mpeg4,avi,0.21
fi175_xvid.avi,360,288,1.640000,Yes,mpeg4,avi,0.21
fi176_xvid.avi,360,288,1.640000,Yes,mpeg4,avi,0.2
fi177_xvid.avi,360,288,1.640000,Yes,mpeg4,avi,0.2
fi178_xvid.avi,360,288,1.640000,Yes,mpeg4,avi,0.2
fi179_xvid.avi,360,288,1.640000,Yes,mpeg4,avi,0.21
fi180_xvid.avi,360,288,1.640000,Yes,mpeg4,avi,0.21
fi181_xvid.avi,360,288,1.640000,Yes,mpeg4,avi,0.2
fi182_xvid.avi,360,288,1.640000,Yes,mpeg4,avi,0.2
fi183_xvid.avi,360,288,1.640000,Yes,mpeg4,avi,0.2
fi184_xvid.avi,360,288,1.640000,Yes,mpeg4,avi,0.19
fi185_xvid.avi,360,288,1.640000,Yes,mpeg4,avi,0.21
fi186_xvid.avi,360,288,1.640000,Yes,mpeg4,avi,0.22
fi187_xvid.avi,360,288,1.640000,Yes,mpeg4,avi,0.21
fi188_xvid.avi,360,288,1.640000,Yes,mpeg4,avi,0.21
fi189_xvid.avi,360,288,1.640000,Yes,mpeg4,avi,0.2
fi190_xvid.avi,360,288,1.960000,Yes,mpeg4,avi,0.26
fi191_xvid.avi,360,288,1.960000,Yes,mpeg4,avi,0.25
fi192_xvid.avi,360,288,1.960000,Yes,mpeg4,avi,0.29
fi193_xvid.avi,360,288,1.960000,Yes,mpeg4,avi,0.27
fi194_xvid.avi,360,288,1.960000,Yes,mpeg4,avi,0.27
fi195_xvid.avi,360,288,1.960000,Yes,mpeg4,avi,0.3
fi196_xvid.avi,360,288,1.960000,Yes,mpeg4,avi,0.28
fi197_xvid.avi,360,288,1.640000,Yes,mpeg4,avi,0.19
fi198_xvid.avi,360,288,1.640000,Yes,mpeg4,avi,0.21
fi199_xvid.avi,360,288,1.640000,Yes,mpeg4,avi,0.2
fi200_xvid.avi,360,288,1.640000,Yes,mpeg4,avi,0.22
fi201_xvid.avi,360,288,1.640000,Yes,mpeg4,avi,0.21
fi202_xvid.avi,360,288,1.640000,Yes,mpeg4,avi,0.21
fi203_xvid.avi,360,288,1.640000,Yes,mpeg4,avi,0.23
fi204_xvid.avi,360,288,1.640000,Yes,mpeg4,avi,0.22
fi205_xvid.avi,360,288,1.640000,Yes,mpeg4,avi,0.2
fi206_xvid.avi,360,288,1.640000,Yes,mpeg4,avi,0.2
fi207_xvid.avi,360,288,1.640000,Yes,mpeg4,avi,0.22
fi208_xvid.avi,360,288,1.640000,Yes,mpeg4,avi,0.2
fi209_xvid.avi,360,288,1.640000,Yes,mpeg4,avi,0.22
fi210_xvid.avi,360,288,1.640000,Yes,mpeg4,avi,0.23
fi211_xvid.avi,360,288,1.640000,Yes,mpeg4,avi,0.23
fi212_xvid.avi,360,288,1.640000,Yes,mpeg4,avi,0.22
fi213_xvid.avi,360,288,1.640000,Yes,mpeg4,avi,0.23
fi214_xvid.avi,360,288,1.640000,Yes,mpeg4,avi,0.22
fi215_xvid.avi,360,288,1.640000,Yes,mpeg4,avi,0.22
fi216_xvid.avi,360,288,1.640000,Yes,mpeg4,avi,0.22
fi217_xvid.avi,360,288,1.640000,Yes,mpeg4,avi,0.24
fi218_xvid.avi,360,288,1.640000,Yes,mpeg4,avi,0.22
fi219_xvid.avi,360,288,1.640000,Yes,mpeg4,avi,0.23
fi220_xvid.avi,360,288,1.640000,Yes,mpeg4,avi,0.24
fi221_xvid.avi,360,288,1.640000,Yes,mpeg4,avi,0.23
fi222_xvid.avi,360,288,1.640000,Yes,mpeg4,avi,0.22
fi223_xvid.avi,360,288,1.640000,Yes,mpeg4,avi,0.21
fi224_xvid.avi,360,288,1.640000,Yes,mpeg4,avi,0.22
fi225_xvid.avi,360,288,1.640000,Yes,mpeg4,avi,0.22
fi226_xvid.avi,360,288,1.640000,Yes,mpeg4,avi,0.22
fi227_xvid.avi,360,288,1.640000,Yes,mpeg4,avi,0.22
fi228_xvid.avi,360,288,1.640000,Yes,mpeg4,avi,0.23
fi229_xvid.avi,360,288,1.640000,Yes,mpeg4,avi,0.22
fi230_xvid.avi,360,288,1.640000,Yes,mpeg4,avi,0.22
fi231_xvid.avi,360,288,1.640000,Yes,mpeg4,avi,0.2
fi232_xvid.avi,360,288,1.640000,Yes,mpeg4,avi,0.2
fi233_xvid.avi,360,288,1.640000,Yes,mpeg4,avi,0.19
fi234_xvid.avi,360,288,1.640000,Yes,mpeg4,avi,0.2
fi235_xvid.avi,360,288,1.640000,Yes,mpeg4,avi,0.21
fi236_xvid.avi,360,288,1.640000,Yes,mpeg4,avi,0.2
fi237_xvid.avi,360,288,1.640000,Yes,mpeg4,avi,0.14
fi238_xvid.avi,360,288,1.640000,Yes,mpeg4,avi,0.19
fi239_xvid.avi,360,288,1.640000,Yes,mpeg4,avi,0.21
fi240_xvid.avi,360,288,1.640000,Yes,mpeg4,avi,0.21
fi241_xvid.avi,360,288,1.640000,Yes,mpeg4,avi,0.22
fi242_xvid.avi,360,288,1.640000,Yes,mpeg4,avi,0.22
fi243_xvid.avi,360,288,1.640000,Yes,mpeg4,avi,0.22
fi244_xvid.avi,360,288,1.640000,Yes,mpeg4,avi,0.21
fi245_xvid.avi,360,288,1.640000,Yes,mpeg4,avi,0.23
fi246_xvid.avi,360,288,1.640000,Yes,mpeg4,avi,0.21
fi247_xvid.avi,360,288,1.640000,Yes,mpeg4,avi,0.22
fi248_xvid.avi,360,288,1.640000,Yes,mpeg4,avi,0.23
fi249_xvid.avi,360,288,1.640000,Yes,mpeg4,avi,0.2
fi250_xvid.avi,360,288,1.640000,Yes,mpeg4,avi,0.22
fi251_xvid.avi,360,288,1.640000,Yes,mpeg4,avi,0.2
fi252_xvid.avi,360,288,1.640000,Yes,mpeg4,avi,0.22
fi253_xvid.avi,360,288,1.640000,Yes,mpeg4,avi,0.22
fi254_xvid.avi,360,288,1.640000,Yes,mpeg4,avi,0.22
fi255_xvid.avi,360,288,1.640000,Yes,mpeg4,avi,0.21
fi256_xvid.avi,360,288,1.640000,Yes,mpeg4,avi,0.22
fi257_xvid.avi,360,288,1.640000,Yes,mpeg4,avi,0.23
fi258_xvid.avi,360,288,1.640000,Yes,mpeg4,avi,0.23
fi259_xvid.avi,360,288,1.640000,Yes,mpeg4,avi,0.23
fi260_xvid.avi,360,288,1.640000,Yes,mpeg4,avi,0.2
fi261_xvid.avi,360,288,1.640000,Yes,mpeg4,avi,0.23
fi262_xvid.avi,360,288,1.640000,Yes,mpeg4,avi,0.22
fi263_xvid.avi,360,288,1.640000,Yes,mpeg4,avi,0.23
fi264_xvid.avi,360,288,1.640000,Yes,mpeg4,avi,0.23
fi265_xvid.avi,360,288,1.640000,Yes,mpeg4,avi,0.23
fi266_xvid.avi,360,288,1.640000,Yes,mpeg4,avi,0.24
fi267_xvid.avi,360,288,1.640000,Yes,mpeg4,avi,0.24
fi268_xvid.avi,360,288,1.640000,Yes,mpeg4,avi,0.25
fi269_xvid.avi,360,288,1.640000,Yes,mpeg4,avi,0.24
fi270_xvid.avi,360,288,1.640000,Yes,mpeg4,avi,0.24
fi271_xvid.avi,360,288,1.640000,Yes,mpeg4,avi,0.24
fi272_xvid.avi,360,288,1.640000,Yes,mpeg4,avi,0.23
fi273_xvid.avi,360,288,1.640000,Yes,mpeg4,avi,0.24
fi274_xvid.avi,360,288,1.640000,Yes,mpeg4,avi,0.25
fi275_xvid.avi,360,288,1.640000,Yes,mpeg4,avi,0.25
fi276_xvid.avi,360,288,1.640000,Yes,mpeg4,avi,0.25
fi277_xvid.avi,360,288,1.640000,Yes,mpeg4,avi,0.23
fi278_xvid.avi,360,288,1.640000,Yes,mpeg4,avi,0.23
fi279_xvid.avi,360,288,1.640000,Yes,mpeg4,avi,0.21
fi280_xvid.avi,360,288,1.640000,Yes,mpeg4,avi,0.2
fi281_xvid.avi,360,288,1.640000,Yes,mpeg4,avi,0.21
fi282_xvid.avi,360,288,1.640000,Yes,mpeg4,avi,0.22
fi283_xvid.avi,360,288,1.640000,Yes,mpeg4,avi,0.2
fi284_xvid.avi,360,288,1.640000,Yes,mpeg4,avi,0.2
fi285_xvid.avi,360,288,1.640000,Yes,mpeg4,avi,0.2
fi286_xvid.avi,360,288,1.640000,Yes,mpeg4,avi,0.2
fi287_xvid.avi,360,288,1.640000,Yes,mpeg4,avi,0.2
fi288_xvid.avi,360,288,1.640000,Yes,mpeg4,avi,0.2
fi289_xvid.avi,360,288,1.640000,Yes,mpeg4,avi,0.22
fi290_xvid.avi,360,288,1.640000,Yes,mpeg4,avi,0.2
fi291_xvid.avi,360,288,1.640000,Yes,mpeg4,avi,0.18
fi292_xvid.avi,360,288,1.640000,Yes,mpeg4,avi,0.19
fi293_xvid.avi,360,288,1.640000,Yes,mpeg4,avi,0.2
fi294_xvid.avi,360,288,1.640000,Yes,mpeg4,avi,0.21
fi295_xvid.avi,360,288,1.640000,Yes,mpeg4,avi,0.21
fi296_xvid.avi,360,288,1.640000,Yes,mpeg4,avi,0.21
fi297_xvid.avi,360,288,1.640000,Yes,mpeg4,avi,0.21
fi298_xvid.avi,360,288,1.640000,Yes,mpeg4,avi,0.22
fi299_xvid.avi,360,288,1.640000,Yes,mpeg4,avi,0.21
fi300_xvid.avi,360,288,1.640000,Yes,mpeg4,avi,0.24
fi301_xvid.avi,360,288,1.640000,Yes,mpeg4,avi,0.23
fi302_xvid.avi,360,288,1.640000,Yes,mpeg4,avi,0.23
fi303_xvid.avi,360,288,1.640000,Yes,mpeg4,avi,0.22
fi304_xvid.avi,360,288,1.640000,Yes,mpeg4,avi,0.23
fi305_xvid.avi,360,288,1.640000,Yes,mpeg4,avi,0.23
fi306_xvid.avi,360,288,1.640000,Yes,mpeg4,avi,0.2
fi307_xvid.avi,360,288,1.640000,Yes,mpeg4,avi,0.22
fi308_xvid.avi,360,288,1.640000,Yes,mpeg4,avi,0.21
fi309_xvid.avi,360,288,1.640000,Yes,mpeg4,avi,0.22
fi310_xvid.avi,360,288,1.640000,Yes,mpeg4,avi,0.22
fi311_xvid.avi,360,288,1.640000,Yes,mpeg4,avi,0.23
fi312_xvid.avi,360,288,1.640000,Yes,mpeg4,avi,0.22
fi313_xvid.avi,360,288,1.640000,Yes,mpeg4,avi,0.23
fi314_xvid.avi,360,288,1.640000,Yes,mpeg4,avi,0.22
fi315_xvid.avi,360,288,1.640000,Yes,mpeg4,avi,0.22
fi316_xvid.avi,360,288,1.640000,Yes,mpeg4,avi,0.22
fi317_xvid.avi,360,288,1.640000,Yes,mpeg4,avi,0.22
fi318_xvid.avi,360,288,1.640000,Yes,mpeg4,avi,0.22
fi319_xvid.avi,360,288,1.640000,Yes,mpeg4,avi,0.22
fi320_xvid.avi,360,288,1.640000,Yes,mpeg4,avi,0.22
fi321_xvid.avi,360,288,1.640000,Yes,mpeg4,avi,0.23
fi322_xvid.avi,360,288,1.640000,Yes,mpeg4,avi,0.22
fi323_xvid.avi,360,288,1.640000,Yes,mpeg4,avi,0.24
fi324_xvid.avi,360,288,1.640000,Yes,mpeg4,avi,0.24
fi325_xvid.avi,360,288,1.640000,Yes,mpeg4,avi,0.24
fi326_xvid.avi,360,288,1.640000,Yes,mpeg4,avi,0.23
fi327_xvid.avi,360,288,1.640000,Yes,mpeg4,avi,0.24
fi328_xvid.avi,360,288,1.640000,Yes,mpeg4,avi,0.25
fi329_xvid.avi,360,288,1.640000,Yes,mpeg4,avi,0.25
fi330_xvid.avi,360,288,1.640000,Yes,mpeg4,avi,0.25
fi331_xvid.avi,360,288,1.640000,Yes,mpeg4,avi,0.25
fi332_xvid.avi,360,288,1.640000,Yes,mpeg4,avi,0.25
fi333_xvid.avi,360,288,1.640000,Yes,mpeg4,avi,0.23
fi334_xvid.avi,360,288,1.640000,Yes,mpeg4,avi,0.25
fi335_xvid.avi,360,288,1.640000,Yes,mpeg4,avi,0.25
fi336_xvid.avi,360,288,1.640000,Yes,mpeg4,avi,0.25
fi337_xvid.avi,360,288,1.640000,Yes,mpeg4,avi,0.25
fi338_xvid.avi,360,288,1.640000,Yes,mpeg4,avi,0.23
fi339_xvid.avi,360,288,1.640000,Yes,mpeg4,avi,0.22
fi340_xvid.avi,360,288,1.640000,Yes,mpeg4,avi,0.22
fi341_xvid.avi,360,288,1.640000,Yes,mpeg4,avi,0.22
fi342_xvid.avi,360,288,1.640000,Yes,mpeg4,avi,0.23
fi343_xvid.avi,360,288,1.640000,Yes,mpeg4,avi,0.21
fi344_xvid.avi,360,288,1.640000,Yes,mpeg4,avi,0.21
fi345_xvid.avi,360,288,1.640000,Yes,mpeg4,avi,0.23
fi346_xvid.avi,360,288,1.640000,Yes,mpeg4,avi,0.23
fi347_xvid.avi,360,288,1.640000,Yes,mpeg4,avi,0.23
fi348_xvid.avi,360,288,1.640000,Yes,mpeg4,avi,0.22
fi349_xvid.avi,360,288,1.640000,Yes,mpeg4,avi,0.23
fi350_xvid.avi,360,288,1.640000,Yes,mpeg4,avi,0.24
fi351_xvid.avi,360,288,1.640000,Yes,mpeg4,avi,0.22
fi352_xvid.avi,360,288,1.640000,Yes,mpeg4,avi,0.2
fi353_xvid.avi,360,288,1.640000,Yes,mpeg4,avi,0.22
fi354_xvid.avi,360,288,1.640000,Yes,mpeg4,avi,0.21
fi355_xvid.avi,360,288,1.640000,Yes,mpeg4,avi,0.2
fi356_xvid.avi,360,288,1.640000,Yes,mpeg4,avi,0.19
fi357_xvid.avi,360,288,1.640000,Yes,mpeg4,avi,0.18
fi358_xvid.avi,360,288,1.640000,Yes,mpeg4,avi,0.2
fi359_xvid.avi,360,288,1.640000,Yes,mpeg4,avi,0.18
fi360_xvid.avi,360,288,1.640000,Yes,mpeg4,avi,0.2
fi361_xvid.avi,360,288,1.640000,Yes,mpeg4,avi,0.21
fi362_xvid.avi,360,288,1.640000,Yes,mpeg4,avi,0.19
fi363_xvid.avi,360,288,1.640000,Yes,mpeg4,avi,0.19
fi364_xvid.avi,360,288,1.640000,Yes,mpeg4,avi,0.19
fi365_xvid.avi,360,288,1.640000,Yes,mpeg4,avi,0.21
fi366_xvid.avi,360,288,1.640000,Yes,mpeg4,avi,0.23
fi367_xvid.avi,360,288,1.640000,Yes,mpeg4,avi,0.21
fi368_xvid.avi,360,288,1.640000,Yes,mpeg4,avi,0.21
fi369_xvid.avi,360,288,1.640000,Yes,mpeg4,avi,0.2
fi370_xvid.avi,360,288,1.640000,Yes,mpeg4,avi,0.21
fi371_xvid.avi,360,288,1.640000,Yes,mpeg4,avi,0.2
fi372_xvid.avi,360,288,1.640000,Yes,mpeg4,avi,0.21
fi373_xvid.avi,360,288,1.640000,Yes,mpeg4,avi,0.2
fi374_xvid.avi,360,288,1.640000,Yes,mpeg4,avi,0.2
fi375_xvid.avi,360,288,1.640000,Yes,mpeg4,avi,0.2
fi376_xvid.avi,360,288,1.640000,Yes,mpeg4,avi,0.21
fi377_xvid.avi,360,288,1.640000,Yes,mpeg4,avi,0.2
fi378_xvid.avi,360,288,1.640000,Yes,mpeg4,avi,0.21
fi379_xvid.avi,360,288,1.640000,Yes,mpeg4,avi,0.22
fi380_xvid.avi,360,288,1.640000,Yes,mpeg4,avi,0.23
fi381_xvid.avi,360,288,1.640000,Yes,mpeg4,avi,0.21
fi382_xvid.avi,360,288,1.640000,Yes,mpeg4,avi,0.22
fi383_xvid.avi,360,288,1.640000,Yes,mpeg4,avi,0.2
fi384_xvid.avi,360,288,1.640000,Yes,mpeg4,avi,0.23
fi385_xvid.avi,360,288,1.640000,Yes,mpeg4,avi,0.22
fi386_xvid.avi,360,288,1.640000,Yes,mpeg4,avi,0.22
fi387_xvid.avi,360,288,1.640000,Yes,mpeg4,avi,0.18
fi388_xvid.avi,360,288,1.640000,Yes,mpeg4,avi,0.23
fi389_xvid.avi,360,288,1.640000,Yes,mpeg4,avi,0.23
fi390_xvid.avi,360,288,1.640000,Yes,mpeg4,avi,0.22
fi391_xvid.avi,360,288,1.640000,Yes,mpeg4,avi,0.23
fi392_xvid.avi,360,288,1.640000,Yes,mpeg4,avi,0.21
fi393_xvid.avi,360,288,1.640000,Yes,mpeg4,avi,0.21
fi394_xvid.avi,360,288,1.640000,Yes,mpeg4,avi,0.21
fi395_xvid.avi,360,288,1.640000,Yes,mpeg4,avi,0.21
fi396_xvid.avi,360,288,1.640000,Yes,mpeg4,avi,0.22
fi397_xvid.avi,360,288,1.640000,Yes,mpeg4,avi,0.22
fi398_xvid.avi,360,288,1.640000,Yes,mpeg4,avi,0.22
fi399_xvid.avi,360,288,1.640000,Yes,mpeg4,avi,0.24
fi400_xvid.avi,360,288,1.640000,Yes,mpeg4,avi,0.21
fi401_xvid.avi,360,288,1.640000,Yes,mpeg4,avi,0.23
fi402_xvid.avi,360,288,1.640000,Yes,mpeg4,avi,0.24
fi403_xvid.avi,360,288,1.640000,Yes,mpeg4,avi,0.23
fi404_xvid.avi,360,288,1.640000,Yes,mpeg4,avi,0.22
fi405_xvid.avi,360,288,1.640000,Yes,mpeg4,avi,0.21
fi406_xvid.avi,360,288,1.640000,Yes,mpeg4,avi,0.21
fi407_xvid.avi,360,288,1.640000,Yes,mpeg4,avi,0.22
fi408_xvid.avi,360,288,1.640000,Yes,mpeg4,avi,0.24
fi409_xvid.avi,360,288,1.640000,Yes,mpeg4,avi,0.2
fi410_xvid.avi,360,288,1.640000,Yes,mpeg4,avi,0.23
fi411_xvid.avi,360,288,1.640000,Yes,mpeg4,avi,0.24
fi412_xvid.avi,360,288,1.640000,Yes,mpeg4,avi,0.22
fi413_xvid.avi,360,288,1.640000,Yes,mpeg4,avi,0.23
fi414_xvid.avi,360,288,1.640000,Yes,mpeg4,avi,0.24
fi415_xvid.avi,360,288,1.640000,Yes,mpeg4,avi,0.24
fi416_xvid.avi,360,288,1.640000,Yes,mpeg4,avi,0.18
fi417_xvid.avi,360,288,1.640000,Yes,mpeg4,avi,0.17
fi418_xvid.avi,360,288,1.640000,Yes,mpeg4,avi,0.18
fi419_xvid.avi,360,288,1.640000,Yes,mpeg4,avi,0.19
fi420_xvid.avi,360,288,1.640000,Yes,mpeg4,avi,0.19
fi421_xvid.avi,360,288,1.640000,Yes,mpeg4,avi,0.19
fi422_xvid.avi,360,288,1.640000,Yes,mpeg4,avi,0.18
fi423_xvid.avi,360,288,1.640000,Yes,mpeg4,avi,0.18
fi424_xvid.avi,360,288,1.640000,Yes,mpeg4,avi,0.19
fi425_xvid.avi,360,288,1.640000,Yes,mpeg4,avi,0.18
fi426_xvid.avi,360,288,1.640000,Yes,mpeg4,avi,0.18
fi427_xvid.avi,360,288,1.640000,Yes,mpeg4,avi,0.23
fi428_xvid.avi,360,288,1.640000,Yes,mpeg4,avi,0.23
fi429_xvid.avi,360,288,1.640000,Yes,mpeg4,avi,0.23
fi430_xvid.avi,360,288,1.640000,Yes,mpeg4,avi,0.2
fi431_xvid.avi,360,288,1.640000,Yes,mpeg4,avi,0.18
fi432_xvid.avi,360,288,1.640000,Yes,mpeg4,avi,0.18
fi433_xvid.avi,360,288,1.640000,Yes,mpeg4,avi,0.25
fi434_xvid.avi,360,288,1.640000,Yes,mpeg4,avi,0.25
fi435_xvid.avi,360,288,1.640000,Yes,mpeg4,avi,0.24
fi436_xvid.avi,360,288,1.640000,Yes,mpeg4,avi,0.23
fi437_xvid.avi,360,288,1.640000,Yes,mpeg4,avi,0.24
fi438_xvid.avi,360,288,1.600000,Yes,mpeg4,avi,0.24
fi439_xvid.avi,360,288,1.640000,Yes,mpeg4,avi,0.23
fi440_xvid.avi,360,288,1.640000,Yes,mpeg4,avi,0.23
fi441_xvid.avi,360,288,1.640000,Yes,mpeg4,avi,0.23
fi442_xvid.avi,360,288,1.640000,Yes,mpeg4,avi,0.23
fi443_xvid.avi,360,288,1.640000,Yes,mpeg4,avi,0.2
fi444_xvid.avi,360,288,1.640000,Yes,mpeg4,avi,0.22
fi445_xvid.avi,360,288,1.640000,Yes,mpeg4,avi,0.22
fi446_xvid.avi,360,288,1.640000,Yes,mpeg4,avi,0.23
fi447_xvid.avi,360,288,1.640000,Yes,mpeg4,avi,0.22
fi448_xvid.avi,360,288,1.640000,Yes,mpeg4,avi,0.2
fi449_xvid.avi,360,288,1.640000,Yes,mpeg4,avi,0.2
fi450_xvid.avi,360,288,1.640000,Yes,mpeg4,avi,0.21
fi451_xvid.avi,360,288,1.640000,Yes,mpeg4,avi,0.21
fi452_xvid.avi,360,288,1.640000,Yes,mpeg4,avi,0.21
fi453_xvid.avi,360,288,1.640000,Yes,mpeg4,avi,0.2
fi454_xvid.avi,360,288,1.640000,Yes,mpeg4,avi,0.2
fi455_xvid.avi,360,288,1.640000,Yes,mpeg4,avi,0.2
fi456_xvid.avi,360,288,1.640000,Yes,mpeg4,avi,0.21
fi457_xvid.avi,360,288,1.640000,Yes,mpeg4,avi,0.2
fi458_xvid.avi,360,288,1.640000,Yes,mpeg4,avi,0.21
fi459_xvid.avi,360,288,1.640000,Yes,mpeg4,avi,0.2
fi460_xvid.avi,360,288,1.640000,Yes,mpeg4,avi,0.21
fi461_xvid.avi,360,288,1.640000,Yes,mpeg4,avi,0.2
fi462_xvid.avi,360,288,1.640000,Yes,mpeg4,avi,0.21
fi463_xvid.avi,360,288,1.640000,Yes,mpeg4,avi,0.2
fi464_xvid.avi,360,288,1.600000,Yes,mpeg4,avi,0.19
fi465_xvid.avi,360,288,1.640000,Yes,mpeg4,avi,0.19
fi466_xvid.avi,360,288,1.640000,Yes,mpeg4,avi,0.18
fi467_xvid.avi,360,288,1.640000,Yes,mpeg4,avi,0.19
fi468_xvid.avi,360,288,1.640000,Yes,mpeg4,avi,0.19
fi469_xvid.avi,360,288,1.640000,Yes,mpeg4,avi,0.18
fi470_xvid.avi,360,288,1.640000,Yes,mpeg4,avi,0.18
fi471_xvid.avi,360,288,1.640000,Yes,mpeg4,avi,0.19
fi472_xvid.avi,360,288,1.640000,Yes,mpeg4,avi,0.19
fi473_xvid.avi,360,288,1.640000,Yes,mpeg4,avi,0.19
fi474_xvid.avi,360,288,1.640000,Yes,mpeg4,avi,0.18
fi475_xvid.avi,360,288,1.640000,Yes,mpeg4,avi,0.19
fi476_xvid.avi,360,288,1.640000,Yes,mpeg4,avi,0.2
fi477_xvid.avi,360,288,1.640000,Yes,mpeg4,avi,0.19
fi478_xvid.avi,360,288,1.640000,Yes,mpeg4,avi,0.19
fi479_xvid.avi,360,288,1.640000,Yes,mpeg4,avi,0.19
fi480_xvid.avi,360,288,1.640000,Yes,mpeg4,avi,0.19
fi481_xvid.avi,360,288,1.640000,Yes,mpeg4,avi,0.21
fi482_xvid.avi,360,288,1.640000,Yes,mpeg4,avi,0.2
fi483_xvid.avi,360,288,1.640000,Yes,mpeg4,avi,0.18
fi484_xvid.avi,360,288,1.640000,Yes,mpeg4,avi,0.19
fi485_xvid.avi,360,288,1.640000,Yes,mpeg4,avi,0.18
fi486_xvid.avi,360,288,1.640000,Yes,mpeg4,avi,0.19
fi487_xvid.avi,360,288,1.640000,Yes,mpeg4,avi,0.2
fi488_xvid.avi,360,288,1.640000,Yes,mpeg4,avi,0.2
fi489_xvid.avi,360,288,1.640000,Yes,mpeg4,avi,0.19
fi490_xvid.avi,360,288,1.640000,Yes,mpeg4,avi,0.2
fi491_xvid.avi,360,288,1.640000,Yes,mpeg4,avi,0.19
fi492_xvid.avi,360,288,1.640000,Yes,mpeg4,avi,0.2
fi493_xvid.avi,360,288,1.640000,Yes,mpeg4,avi,0.2
fi494_xvid.avi,360,288,1.640000,Yes,mpeg4,avi,0.2
fi495_xvid.avi,360,288,1.640000,Yes,mpeg4,avi,0.19
fi496_xvid.avi,360,288,1.640000,Yes,mpeg4,avi,0.2
fi497_xvid.avi,360,288,1.640000,Yes,mpeg4,avi,0.19
fi498_xvid.avi,360,288,1.640000,Yes,mpeg4,avi,0.2
fi499_xvid.avi,360,288,1.640000,Yes,mpeg4,avi,0.2
fi500_xvid.avi,360,288,1.640000,Yes,mpeg4,avi,0.2
no101_xvid.avi,360,288,1.640000,Yes,mpeg4,avi,0.23
no102_xvid.avi,360,288,1.640000,Yes,mpeg4,avi,0.23
no103_xvid.avi,360,288,1.640000,Yes,mpeg4,avi,0.22
no104_xvid.avi,360,288,1.640000,Yes,mpeg4,avi,0.23
no105_xvid.avi,360,288,1.640000,Yes,mpeg4,avi,0.23
no106_xvid.avi,360,288,1.640000,Yes,mpeg4,avi,0.22
no107_xvid.avi,360,288,1.640000,Yes,mpeg4,avi,0.23
no108_xvid.avi,360,288,1.640000,Yes,mpeg4,avi,0.23
no109_xvid.avi,360,288,1.640000,Yes,mpeg4,avi,0.24
no110_xvid.avi,360,288,1.640000,Yes,mpeg4,avi,0.23
no111_xvid.avi,360,288,1.640000,Yes,mpeg4,avi,0.17
no112_xvid.avi,360,288,1.640000,Yes,mpeg4,avi,0.22
no113_xvid.avi,360,288,1.640000,Yes,mpeg4,avi,0.23
no114_xvid.avi,360,288,1.640000,Yes,mpeg4,avi,0.22
no115_xvid.avi,360,288,1.640000,Yes,mpeg4,avi,0.24
no116_xvid.avi,360,288,1.640000,Yes,mpeg4,avi,0.24
no117_xvid.avi,360,288,1.640000,Yes,mpeg4,avi,0.24
no118_xvid.avi,360,288,1.640000,Yes,mpeg4,avi,0.21
no119_xvid.avi,360,288,1.640000,Yes,mpeg4,avi,0.24
no120_xvid.avi,360,288,1.640000,Yes,mpeg4,avi,0.25
no121_xvid.avi,360,288,1.640000,Yes,mpeg4,avi,0.21
no122_xvid.avi,360,288,1.640000,Yes,mpeg4,avi,0.22
no123_xvid.avi,360,288,1.640000,Yes,mpeg4,avi,0.23
no124_xvid.avi,360,288,1.640000,Yes,mpeg4,avi,0.24
no125_xvid.avi,360,288,1.640000,Yes,mpeg4,avi,0.24
no126_xvid.avi,360,288,1.640000,Yes,mpeg4,avi,0.22
no127_xvid.avi,360,288,1.640000,Yes,mpeg4,avi,0.23
no128_xvid.avi,360,288,1.640000,Yes,mpeg4,avi,0.21
no129_xvid.avi,360,288,1.640000,Yes,mpeg4,avi,0.21
no130_xvid.avi,360,288,1.640000,Yes,mpeg4,avi,0.22
no131_xvid.avi,360,288,1.640000,Yes,mpeg4,avi,0.21
no132_xvid.avi,360,288,1.640000,Yes,mpeg4,avi,0.19
no133_xvid.avi,360,288,1.640000,Yes,mpeg4,avi,0.22
no134_xvid.avi,360,288,1.640000,Yes,mpeg4,avi,0.22
no135_xvid.avi,360,288,1.640000,Yes,mpeg4,avi,0.22
no136_xvid.avi,360,288,1.640000,Yes,mpeg4,avi,0.23
no137_xvid.avi,360,288,1.640000,Yes,mpeg4,avi,0.21
no138_xvid.avi,360,288,1.640000,Yes,mpeg4,avi,0.25
no139_xvid.avi,360,288,1.640000,Yes,mpeg4,avi,0.2
no140_xvid.avi,360,288,1.640000,Yes,mpeg4,avi,0.23
no141_xvid.avi,360,288,1.640000,Yes,mpeg4,avi,0.23
no142__xvid.avi,360,288,1.640000,Yes,mpeg4,avi,0.18
no143_xvid.avi,360,288,1.640000,Yes,mpeg4,avi,0.23
no144_xvid.avi,360,288,1.640000,Yes,mpeg4,avi,0.22
no145_xvid.avi,360,288,1.640000,Yes,mpeg4,avi,0.21
no146_xvid.avi,360,288,1.640000,Yes,mpeg4,avi,0.23
no147_xvid.avi,360,288,1.640000,Yes,mpeg4,avi,0.22
no148_xvid.avi,360,288,1.640000,Yes,mpeg4,avi,0.24
no149_xvid.avi,360,288,1.640000,Yes,mpeg4,avi,0.21
no150_xvid.avi,360,288,1.640000,Yes,mpeg4,avi,0.22
no151_xvid.avi,360,288,1.640000,Yes,mpeg4,avi,0.24
no152_xvid.avi,360,288,1.640000,Yes,mpeg4,avi,0.24
no153_xvid.avi,360,288,1.640000,Yes,mpeg4,avi,0.24
no154_xvid.avi,360,288,1.640000,Yes,mpeg4,avi,0.24
no155_xvid.avi,360,288,1.640000,Yes,mpeg4,avi,0.24
no156_xvid.avi,360,288,1.640000,Yes,mpeg4,avi,0.23
no157_xvid.avi,360,288,1.640000,Yes,mpeg4,avi,0.2
no158_xvid.avi,360,288,1.640000,Yes,mpeg4,avi,0.24
no159_xvid.avi,360,288,1.640000,Yes,mpeg4,avi,0.24
no160_xvid.avi,360,288,1.640000,Yes,mpeg4,avi,0.21
no161_xvid.avi,360,288,1.640000,Yes,mpeg4,avi,0.22
no162_xvid.avi,360,288,1.640000,Yes,mpeg4,avi,0.21
no163_xvid.avi,360,288,1.640000,Yes,mpeg4,avi,0.24
no164_xvid.avi,360,288,1.640000,Yes,mpeg4,avi,0.2
no165_xvid.avi,360,288,1.640000,Yes,mpeg4,avi,0.25
no166_xvid.avi,360,288,1.640000,Yes,mpeg4,avi,0.21
no167_xvid.avi,360,288,1.640000,Yes,mpeg4,avi,0.21
no168_xvid.avi,360,288,1.640000,Yes,mpeg4,avi,0.19
no169_xvid.avi,360,288,1.640000,Yes,mpeg4,avi,0.2
no170_xvid.avi,360,288,1.640000,Yes,mpeg4,avi,0.2
no171_xvid.avi,360,288,1.640000,Yes,mpeg4,avi,0.2
no172_xvid.avi,360,288,1.640000,Yes,mpeg4,avi,0.19
no173_xvid.avi,360,288,1.640000,Yes,mpeg4,avi,0.22
no174_xvid.avi,360,288,1.640000,Yes,mpeg4,avi,0.2
no175_xvid.avi,360,288,1.640000,Yes,mpeg4,avi,0.19
no176_xvid.avi,360,288,1.640000,Yes,mpeg4,avi,0.2
no177_xvid.avi,360,288,1.640000,Yes,mpeg4,avi,0.21
no178_xvid.avi,360,288,1.640000,Yes,mpeg4,avi,0.19
no179_xvid.avi,360,288,1.640000,Yes,mpeg4,avi,0.2
no180_xvid.avi,360,288,1.640000,Yes,mpeg4,avi,0.2
no181_xvid.avi,360,288,1.640000,Yes,mpeg4,avi,0.2
no182_xvid.avi,360,288,1.640000,Yes,mpeg4,avi,0.2
no183_xvid.avi,360,288,1.640000,Yes,mpeg4,avi,0.2
no184_xvid.avi,360,288,1.640000,Yes,mpeg4,avi,0.21
no185_xvid.avi,360,288,1.640000,Yes,mpeg4,avi,0.19
no186_xvid.avi,360,288,1.640000,Yes,mpeg4,avi,0.2
no187_xvid.avi,360,288,1.640000,Yes,mpeg4,avi,0.19
no188_xvid.avi,360,288,1.640000,Yes,mpeg4,avi,0.2
no189_xvid.avi,360,288,1.640000,Yes,mpeg4,avi,0.19
no190_xvid.avi,360,288,1.640000,Yes,mpeg4,avi,0.19
no191_xvid.avi,360,288,1.640000,Yes,mpeg4,avi,0.2
no192_xvid.avi,360,288,1.640000,Yes,mpeg4,avi,0.17
no193_xvid.avi,360,288,1.640000,Yes,mpeg4,avi,0.19
no194_xvid.avi,360,288,1.640000,Yes,mpeg4,avi,0.2
no195_xvid.avi,360,288,1.640000,Yes,mpeg4,avi,0.19
no196_xvid.avi,360,288,1.640000,Yes,mpeg4,avi,0.18
no197_xvid.avi,360,288,1.640000,Yes,mpeg4,avi,0.19
no198_xvid.avi,360,288,1.640000,Yes,mpeg4,avi,0.18
no199_xvid.avi,360,288,1.640000,Yes,mpeg4,avi,0.19
no200_xvid.avi,360,288,1.640000,Yes,mpeg4,avi,0.21
no201_xvid.avi,360,288,1.640000,Yes,mpeg4,avi,0.21
no202_xvid.avi,360,288,1.640000,Yes,mpeg4,avi,0.21
no203_xvid.avi,360,288,1.640000,Yes,mpeg4,avi,0.2
no204_xvid.avi,360,288,1.640000,Yes,mpeg4,avi,0.2
no205_xvid.avi,360,288,1.640000,Yes,mpeg4,avi,0.19
no206_xvid.avi,360,288,1.640000,Yes,mpeg4,avi,0.17
no207_xvid.avi,360,288,1.640000,Yes,mpeg4,avi,0.22
no208_xvid.avi,360,288,1.640000,Yes,mpeg4,avi,0.18
no209_xvid.avi,360,288,1.640000,Yes,mpeg4,avi,0.2
no210_xvid.avi,360,288,1.640000,Yes,mpeg4,avi,0.2
no211_xvid.avi,360,288,1.640000,Yes,mpeg4,avi,0.19
no212_xvid.avi,360,288,1.640000,Yes,mpeg4,avi,0.23
no213_xvid.avi,360,288,1.640000,Yes,mpeg4,avi,0.18
no214_xvid.avi,360,288,1.640000,Yes,mpeg4,avi,0.18
no215_xvid.avi,360,288,1.640000,Yes,mpeg4,avi,0.19
no216_xvid.avi,360,288,1.640000,Yes,mpeg4,avi,0.19
no217_xvid.avi,360,288,1.640000,Yes,mpeg4,avi,0.2
no218_xvid.avi,360,288,1.640000,Yes,mpeg4,avi,0.2
no219_xvid.avi,360,288,1.640000,Yes,mpeg4,avi,0.21
no220_xvid.avi,360,288,1.640000,Yes,mpeg4,avi,0.21
no221_xvid.avi,360,288,1.640000,Yes,mpeg4,avi,0.2
no222_xvid.avi,360,288,1.640000,Yes,mpeg4,avi,0.19
no223_xvid.avi,360,288,1.640000,Yes,mpeg4,avi,0.19
no224_xvid.avi,360,288,1.640000,Yes,mpeg4,avi,0.18
no225_xvid.avi,360,288,1.640000,Yes,mpeg4,avi,0.19
no226_xvid.avi,360,288,1.640000,Yes,mpeg4,avi,0.2
no227_xvid.avi,360,288,1.640000,Yes,mpeg4,avi,0.2
no228_xvid.avi,360,288,1.640000,Yes,mpeg4,avi,0.2
no229_xvid.avi,360,288,1.640000,Yes,mpeg4,avi,0.2
no230_xvid.avi,360,288,1.640000,Yes,mpeg4,avi,0.19
no231_xvid.avi,360,288,1.640000,Yes,mpeg4,avi,0.19
no232_xvid.avi,360,288,1.640000,Yes,mpeg4,avi,0.19
no233_xvid.avi,360,288,1.640000,Yes,mpeg4,avi,0.18
no234_xvid.avi,360,288,1.640000,Yes,mpeg4,avi,0.19
no235_xvid.avi,360,288,1.640000,Yes,mpeg4,avi,0.2
no236_xvid.avi,360,288,1.640000,Yes,mpeg4,avi,0.22
no237_xvid.avi,360,288,1.640000,Yes,mpeg4,avi,0.21
no238mpg_xvid.avi,360,288,1.640000,Yes,mpeg4,avi,0.21
no239_xvid.avi,360,288,1.640000,Yes,mpeg4,avi,0.21
no240_xvid.avi,360,288,1.640000,Yes,mpeg4,avi,0.2
no241_xvid.avi,360,288,1.640000,Yes,mpeg4,avi,0.21
no242_xvid.avi,360,288,1.640000,Yes,mpeg4,avi,0.21
no243_xvid.avi,360,288,1.640000,Yes,mpeg4,avi,0.23
no244_xvid.avi,360,288,1.640000,Yes,mpeg4,avi,0.22
no245_xvid.avi,360,288,1.640000,Yes,mpeg4,avi,0.22
no246_xvid.avi,360,288,1.640000,Yes,mpeg4,avi,0.21
no247_xvid.avi,360,288,1.640000,Yes,mpeg4,avi,0.21
no248_xvid.avi,360,288,1.640000,Yes,mpeg4,avi,0.22
no249_xvid.avi,360,288,1.640000,Yes,mpeg4,avi,0.22
no250_xvid.avi,360,288,1.640000,Yes,mpeg4,avi,0.24
no251_xvid.avi,360,288,1.640000,Yes,mpeg4,avi,0.22
no252_xvid.avi,360,288,1.640000,Yes,mpeg4,avi,0.22
no253_xvid.avi,360,288,1.640000,Yes,mpeg4,avi,0.22
no254_xvid.avi,360,288,1.640000,Yes,mpeg4,avi,0.19
no255_xvid.avi,360,288,1.640000,Yes,mpeg4,avi,0.2
no256_xvid.avi,360,288,1.640000,Yes,mpeg4,avi,0.22
no257_xvid.avi,360,288,1.640000,Yes,mpeg4,avi,0.21
no258_xvid.avi,360,288,1.640000,Yes,mpeg4,avi,0.2
no259_xvid.avi,360,288,1.640000,Yes,mpeg4,avi,0.2
no260_xvid.avi,360,288,1.640000,Yes,mpeg4,avi,0.21
no261_xvid.avi,360,288,1.640000,Yes,mpeg4,avi,0.22
no262_xvid.avi,360,288,1.640000,Yes,mpeg4,avi,0.2
no263_xvid.avi,360,288,1.640000,Yes,mpeg4,avi,0.2
no264_xvid.avi,360,288,1.640000,Yes,mpeg4,avi,0.21
no265_xvid.avi,360,288,1.640000,Yes,mpeg4,avi,0.19
no266_xvid.avi,360,288,1.640000,Yes,mpeg4,avi,0.18
no267_xvid.avi,360,288,1.640000,Yes,mpeg4,avi,0.22
no268_xvid.avi,360,288,1.640000,Yes,mpeg4,avi,0.22
no269_xvid.avi,360,288,1.640000,Yes,mpeg4,avi,0.22
no270_xvid.avi,360,288,1.640000,Yes,mpeg4,avi,0.22
no271_xvid.avi,360,288,1.640000,Yes,mpeg4,avi,0.24
no272_xvid.avi,360,288,1.640000,Yes,mpeg4,avi,0.2
no273_xvid.avi,360,288,1.640000,Yes,mpeg4,avi,0.17
no274_xvid.avi,360,288,1.640000,Yes,mpeg4,avi,0.2
no275_xvid.avi,360,288,1.640000,Yes,mpeg4,avi,0.21
no276_xvid.avi,360,288,1.640000,Yes,mpeg4,avi,0.22
no277_xvid.avi,360,288,1.640000,Yes,mpeg4,avi,0.21
no278_xvid.avi,360,288,1.640000,Yes,mpeg4,avi,0.18
no279_xvid.avi,360,288,1.640000,Yes,mpeg4,avi,0.21
no280_xvid.avi,360,288,1.640000,Yes,mpeg4,avi,0.21
no281_xvid.avi,360,288,1.640000,Yes,mpeg4,avi,0.23
no282_xvid.avi,360,288,1.640000,Yes,mpeg4,avi,0.22
no283_xvid.avi,360,288,1.640000,Yes,mpeg4,avi,0.22
no284_xvid.avi,360,288,1.640000,Yes,mpeg4,avi,0.2
no285_xvid.avi,360,288,1.640000,Yes,mpeg4,avi,0.17
no286_xvid.avi,360,288,1.640000,Yes,mpeg4,avi,0.21
no287_xvid.avi,360,288,1.640000,Yes,mpeg4,avi,0.21
no288_xvid.avi,360,288,1.640000,Yes,mpeg4,avi,0.22
no289_xvid.avi,360,288,1.640000,Yes,mpeg4,avi,0.22
no290_xvid.avi,360,288,1.640000,Yes,mpeg4,avi,0.22
no291_xvid.avi,360,288,1.640000,Yes,mpeg4,avi,0.22
no292_xvid.avi,360,288,1.640000,Yes,mpeg4,avi,0.23
no293_xvid.avi,360,288,1.640000,Yes,mpeg4,avi,0.22
no294_xvid.avi,360,288,1.640000,Yes,mpeg4,avi,0.21
no295_xvid.avi,360,288,1.640000,Yes,mpeg4,avi,0.22
no296_xvid.avi,360,288,1.640000,Yes,mpeg4,avi,0.22
no297_xvid.avi,360,288,1.640000,Yes,mpeg4,avi,0.21
no298_xvid.avi,360,288,1.640000,Yes,mpeg4,avi,0.23
no299_xvid.avi,360,288,1.640000,Yes,mpeg4,avi,0.2
no300_xvid.avi,360,288,1.640000,Yes,mpeg4,avi,0.22
no301_xvid.avi,360,288,1.640000,Yes,mpeg4,avi,0.21
no302_xvid.avi,360,288,1.640000,Yes,mpeg4,avi,0.23
no303_xvid.avi,360,288,1.640000,Yes,mpeg4,avi,0.17
no304_xvid.avi,360,288,1.640000,Yes,mpeg4,avi,0.18
no305_xvid.avi,360,288,1.640000,Yes,mpeg4,avi,0.19
no306_xvid.avi,360,288,1.640000,Yes,mpeg4,avi,0.23
no307_xvid.avi,360,288,1.640000,Yes,mpeg4,avi,0.2
no308_xvid.avi,360,288,1.640000,Yes,mpeg4,avi,0.21
no309_xvid.avi,360,288,1.640000,Yes,mpeg4,avi,0.18
no310_xvid.avi,360,288,1.640000,Yes,mpeg4,avi,0.2
no311_xvid.avi,360,288,1.640000,Yes,mpeg4,avi,0.21
no312_xvid.avi,360,288,1.640000,Yes,mpeg4,avi,0.22
no313_xvid.avi,360,288,1.640000,Yes,mpeg4,avi,0.23
no314_xvid.avi,360,288,1.640000,Yes,mpeg4,avi,0.21
no315_xvid.avi,360,288,1.640000,Yes,mpeg4,avi,0.2
no316_xvid.avi,360,288,1.640000,Yes,mpeg4,avi,0.21
no317_xvid.avi,360,288,1.640000,Yes,mpeg4,avi,0.22
no318_xvid.avi,360,288,1.640000,Yes,mpeg4,avi,0.2
no319_xvid.avi,360,288,1.640000,Yes,mpeg4,avi,0.19
no320_xvid.avi,360,288,1.640000,Yes,mpeg4,avi,0.18
no321_xvid.avi,360,288,1.640000,Yes,mpeg4,avi,0.19
no322_xvid.avi,360,288,1.640000,Yes,mpeg4,avi,0.2
no323_xvid.avi,360,288,1.640000,Yes,mpeg4,avi,0.22
no324_xvid.avi,360,288,1.640000,Yes,mpeg4,avi,0.21
no325_xvid.avi,360,288,1.640000,Yes,mpeg4,avi,0.21
no326_xvid.avi,360,288,1.640000,Yes,mpeg4,avi,0.2
no327_xvid.avi,360,288,1.640000,Yes,mpeg4,avi,0.2
no328_xvid.avi,360,288,1.640000,Yes,mpeg4,avi,0.2
no329_xvid.avi,360,288,1.640000,Yes,mpeg4,avi,0.21
no330_xvid.avi,360,288,1.640000,Yes,mpeg4,avi,0.2
no331_xvid.avi,360,288,1.640000,Yes,mpeg4,avi,0.21
no332_xvid.avi,360,288,1.640000,Yes,mpeg4,avi,0.21
no333_xvid.avi,360,288,1.640000,Yes,mpeg4,avi,0.21
no334_xvid.avi,360,288,1.640000,Yes,mpeg4,avi,0.21
no335_xvid.avi,360,288,1.640000,Yes,mpeg4,avi,0.2
no336_xvid.avi,360,288,1.640000,Yes,mpeg4,avi,0.22
no337_xvid.avi,360,288,1.640000,Yes,mpeg4,avi,0.21
no338_xvid.avi,360,288,1.640000,Yes,mpeg4,avi,0.21
no339_xvid.avi,360,288,1.640000,Yes,mpeg4,avi,0.21
no340_xvid.avi,360,288,1.640000,Yes,mpeg4,avi,0.21
no341_xvid.avi,360,288,1.640000,Yes,mpeg4,avi,0.2
no342_xvid.avi,360,288,1.640000,Yes,mpeg4,avi,0.21
no343_xvid.avi,360,288,1.640000,Yes,mpeg4,avi,0.2
no344_xvid.avi,360,288,1.640000,Yes,mpeg4,avi,0.21
no345_xvid.avi,360,288,1.640000,Yes,mpeg4,avi,0.21
no346_xvid.avi,360,288,1.640000,Yes,mpeg4,avi,0.21
no347_xvid.avi,360,288,1.640000,Yes,mpeg4,avi,0.21
no348_xvid.avi,360,288,1.640000,Yes,mpeg4,avi,0.21
no349_xvid.avi,360,288,1.640000,Yes,mpeg4,avi,0.19
no350_xvid.avi,360,288,1.640000,Yes,mpeg4,avi,0.19
no351_xvid.avi,360,288,1.640000,Yes,mpeg4,avi,0.2
no352_xvid.avi,360,288,1.640000,Yes,mpeg4,avi,0.21
no353_xvid.avi,360,288,1.640000,Yes,mpeg4,avi,0.22
no354_xvid.avi,360,288,1.640000,Yes,mpeg4,avi,0.22
no355_xvid.avi,360,288,1.640000,Yes,mpeg4,avi,0.21
no356_xvid.avi,360,288,1.640000,Yes,mpeg4,avi,0.22
no357_xvid.avi,360,288,1.640000,Yes,mpeg4,avi,0.22
no358_xvid.avi,360,288,1.640000,Yes,mpeg4,avi,0.22
no359_xvid.avi,360,288,1.640000,Yes,mpeg4,avi,0.21
no360_xvid.avi,360,288,1.640000,Yes,mpeg4,avi,0.22
no361_xvid.avi,360,288,1.640000,Yes,mpeg4,avi,0.22
no362_xvid.avi,360,288,1.640000,Yes,mpeg4,avi,0.23
no363_xvid.avi,360,288,1.640000,Yes,mpeg4,avi,0.21
no364_xvid.avi,360,288,1.640000,Yes,mpeg4,avi,0.21
no365_xvid.avi,360,288,1.640000,Yes,mpeg4,avi,0.22
no366_xvid.avi,360,288,1.640000,Yes,mpeg4,avi,0.22
no367_xvid.avi,360,288,1.640000,Yes,mpeg4,avi,0.22
no368_xvid.avi,360,288,1.640000,Yes,mpeg4,avi,0.2
no369_xvid.avi,360,288,1.640000,Yes,mpeg4,avi,0.22
no370_xvid.avi,360,288,1.640000,Yes,mpeg4,avi,0.22
no371_xvid.avi,360,288,1.640000,Yes,mpeg4,avi,0.22
no372_xvid.avi,360,288,1.640000,Yes,mpeg4,avi,0.18
no373_xvid.avi,360,288,1.640000,Yes,mpeg4,avi,0.23
no374_xvid.avi,360,288,1.640000,Yes,mpeg4,avi,0.23
no375_xvid.avi,360,288,1.640000,Yes,mpeg4,avi,0.23
no376_xvid.avi,360,288,1.640000,Yes,mpeg4,avi,0.22
no377_xvid.avi,360,288,1.640000,Yes,mpeg4,avi,0.22
no378_xvid.avi,360,288,1.640000,Yes,mpeg4,avi,0.2
no379_xvid.avi,360,288,1.640000,Yes,mpeg4,avi,0.24
no380_xvid.avi,360,288,1.640000,Yes,mpeg4,avi,0.22
no381_xvid.avi,360,288,1.640000,Yes,mpeg4,avi,0.22
no382_xvid.avi,360,288,1.640000,Yes,mpeg4,avi,0.23
no383_xvid.avi,360,288,1.640000,Yes,mpeg4,avi,0.22
no384_xvid.avi,360,288,1.640000,Yes,mpeg4,avi,0.25
no385_xvid.avi,360,288,1.640000,Yes,mpeg4,avi,0.22
no386_xvid.avi,360,288,1.640000,Yes,mpeg4,avi,0.2
no387_xvid.avi,360,288,1.640000,Yes,mpeg4,avi,0.22
no388_xvid.avi,360,288,1.640000,Yes,mpeg4,avi,0.21
no389_xvid.avi,360,288,1.640000,Yes,mpeg4,avi,0.21
no390_xvid.avi,360,288,1.640000,Yes,mpeg4,avi,0.22
no391_xvid.avi,360,288,1.640000,Yes,mpeg4,avi,0.22
no392_xvid.avi,360,288,1.640000,Yes,mpeg4,avi,0.22
no393_xvid.avi,360,288,1.640000,Yes,mpeg4,avi,0.22
no394_xvid.avi,360,288,1.640000,Yes,mpeg4,avi,0.23
no395_xvid.avi,360,288,1.640000,Yes,mpeg4,avi,0.22
no396_xvid.avi,360,288,1.640000,Yes,mpeg4,avi,0.23
no397_xvid.avi,360,288,1.640000,Yes,mpeg4,avi,0.22
no398_xvid.avi,360,288,1.640000,Yes,mpeg4,avi,0.23
no399_xvid.avi,360,288,1.640000,Yes,mpeg4,avi,0.22
no400_xvid.avi,360,288,1.640000,Yes,mpeg4,avi,0.21
no401_xvid.avi,360,288,1.640000,Yes,mpeg4,avi,0.23
no402_xvid.avi,360,288,1.640000,Yes,mpeg4,avi,0.23
no403_xvid.avi,360,288,1.640000,Yes,mpeg4,avi,0.23
no404_xvid.avi,360,288,1.640000,Yes,mpeg4,avi,0.22
no405_xvid.avi,360,288,1.640000,Yes,mpeg4,avi,0.22
no406_xvid.avi,360,288,1.640000,Yes,mpeg4,avi,0.22
no407_xvid.avi,360,288,1.640000,Yes,mpeg4,avi,0.24
no408_xvid.avi,360,288,1.640000,Yes,mpeg4,avi,0.22
no409_xvid.avi,360,288,1.640000,Yes,mpeg4,avi,0.22
no410_xvid.avi,360,288,1.640000,Yes,mpeg4,avi,0.2
no411_xvid.avi,360,288,1.640000,Yes,mpeg4,avi,0.2
no412_xvid.avi,360,288,1.640000,Yes,mpeg4,avi,0.21
no413_xvid.avi,360,288,1.640000,Yes,mpeg4,avi,0.21
no414_xvid.avi,360,288,1.640000,Yes,mpeg4,avi,0.23
no415_xvid.avi,360,288,1.640000,Yes,mpeg4,avi,0.25
no416_xvid.avi,360,288,1.640000,Yes,mpeg4,avi,0.22
no417_xvid.avi,360,288,1.640000,Yes,mpeg4,avi,0.24
no418_xvid.avi,360,288,1.640000,Yes,mpeg4,avi,0.21
no419_xvid.avi,360,288,1.640000,Yes,mpeg4,avi,0.24
no420_xvid.avi,360,288,1.640000,Yes,mpeg4,avi,0.23
no421_xvid.avi,360,288,1.640000,Yes,mpeg4,avi,0.23
no422_xvid.avi,360,288,1.640000,Yes,mpeg4,avi,0.22
no423_xvid.avi,360,288,1.640000,Yes,mpeg4,avi,0.22
no424_xvid.avi,360,288,1.640000,Yes,mpeg4,avi,0.23
no425_xvid.avi,360,288,1.640000,Yes,mpeg4,avi,0.22
no426_xvid.avi,360,288,1.640000,Yes,mpeg4,avi,0.23
no427_xvid.avi,360,288,1.640000,Yes,mpeg4,avi,0.22
no428_xvid.avi,360,288,1.640000,Yes,mpeg4,avi,0.22
no429_xvid.avi,360,288,1.640000,Yes,mpeg4,avi,0.22
no430_xvid.avi,360,288,1.640000,Yes,mpeg4,avi,0.24
no431_xvid.avi,360,288,1.640000,Yes,mpeg4,avi,0.23
no432_xvid.avi,360,288,1.640000,Yes,mpeg4,avi,0.22
no433_xvid.avi,360,288,1.640000,Yes,mpeg4,avi,0.22
no434_xvid.avi,360,288,1.640000,Yes,mpeg4,avi,0.24
no435_xvid.avi,360,288,1.640000,Yes,mpeg4,avi,0.22
no436_xvid.avi,360,288,1.640000,Yes,mpeg4,avi,0.22
no437_xvid.avi,360,288,1.640000,Yes,mpeg4,avi,0.23
no438_xvid.avi,360,288,1.640000,Yes,mpeg4,avi,0.22
no439_xvid.avi,360,288,1.640000,Yes,mpeg4,avi,0.22
no440_xvid.avi,360,288,1.640000,Yes,mpeg4,avi,0.22
no441_xvid.avi,360,288,1.640000,Yes,mpeg4,avi,0.22
no442_xvid.avi,360,288,1.640000,Yes,mpeg4,avi,0.22
no443_xvid.avi,360,288,1.640000,Yes,mpeg4,avi,0.22
no444_xvid.avi,360,288,1.640000,Yes,mpeg4,avi,0.24
no445_xvid.avi,360,288,1.640000,Yes,mpeg4,avi,0.22
no446_xvid.avi,360,288,1.640000,Yes,mpeg4,avi,0.23
no447_xvid.avi,360,288,1.640000,Yes,mpeg4,avi,0.22
no448_xvid.avi,360,288,1.640000,Yes,mpeg4,avi,0.22
no449_xvid.avi,360,288,1.640000,Yes,mpeg4,avi,0.24
no450_xvid.avi,360,288,1.640000,Yes,mpeg4,avi,0.2
no451_xvid.avi,360,288,1.640000,Yes,mpeg4,avi,0.2
no452_xvid.avi,360,288,1.640000,Yes,mpeg4,avi,0.21
no453_xvid.avi,360,288,1.640000,Yes,mpeg4,avi,0.2
no454_xvid.avi,360,288,1.640000,Yes,mpeg4,avi,0.19
no455_xvid.avi,360,288,1.640000,Yes,mpeg4,avi,0.22
no456_xvid.avi,360,288,1.640000,Yes,mpeg4,avi,0.21
no457_xvid.avi,360,288,1.640000,Yes,mpeg4,avi,0.2
no458_xvid.avi,360,288,1.640000,Yes,mpeg4,avi,0.2
no459_xvid.avi,360,288,1.640000,Yes,mpeg4,avi,0.2
no460_xvid.avi,360,288,1.640000,Yes,mpeg4,avi,0.21
no461_xvid.avi,360,288,1.640000,Yes,mpeg4,avi,0.2
no462_xvid.avi,360,288,1.640000,Yes,mpeg4,avi,0.2
no463_xvid.avi,360,288,1.640000,Yes,mpeg4,avi,0.2
no464_xvid.avi,360,288,1.640000,Yes,mpeg4,avi,0.21
no465_xvid.avi,360,288,1.640000,Yes,mpeg4,avi,0.18
no466_xvid.avi,360,288,1.640000,Yes,mpeg4,avi,0.2
no467_xvid.avi,360,288,1.640000,Yes,mpeg4,avi,0.2
no468_xvid.avi,360,288,1.640000,Yes,mpeg4,avi,0.2
no469_xvid.avi,360,288,1.640000,Yes,mpeg4,avi,0.21
no470_xvid.avi,360,288,1.640000,Yes,mpeg4,avi,0.21
no471_xvid.avi,360,288,1.640000,Yes,mpeg4,avi,0.2
no472_xvid.avi,360,288,1.640000,Yes,mpeg4,avi,0.21
no473_xvid.avi,360,288,1.640000,Yes,mpeg4,avi,0.21
no474_xvid.avi,360,288,1.640000,Yes,mpeg4,avi,0.2
no475_xvid.avi,360,288,1.640000,Yes,mpeg4,avi,0.21
no476_xvid.avi,360,288,1.640000,Yes,mpeg4,avi,0.2
no477_xvid.avi,360,288,1.640000,Yes,mpeg4,avi,0.21
no478_xvid.avi,360,288,1.640000,Yes,mpeg4,avi,0.21
no479_xvid.avi,360,288,1.640000,Yes,mpeg4,avi,0.2
no480_xvid.avi,360,288,1.640000,Yes,mpeg4,avi,0.2
no481_xvid.avi,360,288,1.640000,Yes,mpeg4,avi,0.2
no482_xvid.avi,360,288,1.640000,Yes,mpeg4,avi,0.18
no483_xvid.avi,360,288,1.640000,Yes,mpeg4,avi,0.19
no484_xvid.avi,360,288,1.640000,Yes,mpeg4,avi,0.19
no485_xvid.avi,360,288,1.640000,Yes,mpeg4,avi,0.2
no486_xvid.avi,360,288,1.640000,Yes,mpeg4,avi,0.2
no487_xvid.avi,360,288,1.640000,Yes,mpeg4,avi,0.19
no488_xvid.avi,360,288,1.640000,Yes,mpeg4,avi,0.22
no489_xvid.avi,360,288,1.640000,Yes,mpeg4,avi,0.2
no490_xvid.avi,360,288,1.640000,Yes,mpeg4,avi,0.2
no491_xvid.avi,360,288,1.640000,Yes,mpeg4,avi,0.2
no492_xvid.avi,360,288,1.640000,Yes,mpeg4,avi,0.21
no493_xvid.avi,360,288,1.640000,Yes,mpeg4,avi,0.2
no494_xvid.avi,360,288,1.640000,Yes,mpeg4,avi,0.2
no495_xvid.avi,360,288,1.640000,Yes,mpeg4,avi,0.21
no496_xvid.avi,360,288,1.640000,Yes,mpeg4,avi,0.21
no497_xvid.avi,360,288,1.640000,Yes,mpeg4,avi,0.21
no498_xvid.avi,360,288,1.640000,Yes,mpeg4,avi,0.2
no499_xvid.avi,360,288,1.640000,Yes,mpeg4,avi,0.21
no500_xvid.avi,360,288,1.640000,Yes,mpeg4,avi,0.21
